<TextureAtlas imagePath="spritesheet-default.png">
	<SubTexture name="banner_classic_curtainimg.png" x="0" y="64" width="256" height="64"/>
	<SubTexture name="banner_hangingimg.png" x="0" y="0" width="256" height="64"/>
	<SubTexture name="banner_modernimg.png" x="0" y="128" width="256" height="48"/>
	<SubTexture name="button_brown_closeimg.png" x="96" y="576" width="48" height="24"/>
	<SubTexture name="button_brownimg.png" x="144" y="576" width="48" height="24"/>
	<SubTexture name="button_grey_closeimg.png" x="192" y="576" width="48" height="24"/>
	<SubTexture name="button_greyimg.png" x="240" y="576" width="48" height="24"/>
	<SubTexture name="button_red_closeimg.png" x="0" y="576" width="48" height="24"/>
	<SubTexture name="button_redimg.png" x="48" y="576" width="48" height="24"/>
	<SubTexture name="checkbox_beige_checkedimg.png" x="458" y="576" width="24" height="24"/>
	<SubTexture name="checkbox_beige_crossimg.png" x="482" y="576" width="24" height="24"/>
	<SubTexture name="checkbox_beige_emptyimg.png" x="314" y="576" width="24" height="24"/>
	<SubTexture name="checkbox_brown_checkedimg.png" x="338" y="576" width="24" height="24"/>
	<SubTexture name="checkbox_brown_crossimg.png" x="386" y="576" width="24" height="24"/>
	<SubTexture name="checkbox_brown_emptyimg.png" x="362" y="576" width="24" height="24"/>
	<SubTexture name="checkbox_grey_checkedimg.png" x="506" y="576" width="24" height="24"/>
	<SubTexture name="checkbox_grey_crossimg.png" x="410" y="576" width="24" height="24"/>
	<SubTexture name="checkbox_grey_emptyimg.png" x="434" y="576" width="24" height="24"/>
	<SubTexture name="hexagon_brown_darkimg.png" x="496" y="448" width="48" height="64"/>
	<SubTexture name="hexagon_brownimg.png" x="496" y="512" width="48" height="64"/>
	<SubTexture name="hexagon_damaged_brown_darkimg.png" x="448" y="448" width="48" height="64"/>
	<SubTexture name="hexagon_damaged_brownimg.png" x="448" y="512" width="48" height="64"/>
	<SubTexture name="hexagon_grey_darkimg.png" x="512" y="128" width="48" height="64"/>
	<SubTexture name="hexagon_grey_greenimg.png" x="512" y="192" width="48" height="64"/>
	<SubTexture name="hexagon_grey_redimg.png" x="512" y="0" width="48" height="64"/>
	<SubTexture name="hexagon_greyimg.png" x="512" y="64" width="48" height="64"/>
	<SubTexture name="minimap_arrow_aimg.png" x="64" y="560" width="16" height="16"/>
	<SubTexture name="minimap_arrow_bimg.png" x="48" y="560" width="16" height="16"/>
	<SubTexture name="minimap_arrow_cimg.png" x="576" y="152" width="12" height="16"/>
	<SubTexture name="minimap_arrow_dimg.png" x="560" y="536" width="16" height="16"/>
	<SubTexture name="minimap_compass_future_eimg.png" x="544" y="364" width="20" height="22"/>
	<SubTexture name="minimap_compass_future_nimg.png" x="544" y="320" width="20" height="22"/>
	<SubTexture name="minimap_compass_future_simg.png" x="544" y="342" width="20" height="22"/>
	<SubTexture name="minimap_compass_future_wimg.png" x="544" y="386" width="20" height="22"/>
	<SubTexture name="minimap_compass_toon_eimg.png" x="576" y="408" width="16" height="20"/>
	<SubTexture name="minimap_compass_toon_nimg.png" x="530" y="576" width="20" height="20"/>
	<SubTexture name="minimap_compass_toon_simg.png" x="544" y="480" width="16" height="20"/>
	<SubTexture name="minimap_compass_toon_wimg.png" x="288" y="576" width="26" height="20"/>
	<SubTexture name="minimap_icon_exclamation_redimg.png" x="576" y="168" width="8" height="16"/>
	<SubTexture name="minimap_icon_exclamation_whiteimg.png" x="576" y="184" width="8" height="16"/>
	<SubTexture name="minimap_icon_exclamation_yellowimg.png" x="576" y="200" width="8" height="16"/>
	<SubTexture name="minimap_icon_jewel_redimg.png" x="240" y="560" width="16" height="16"/>
	<SubTexture name="minimap_icon_jewel_whiteimg.png" x="0" y="560" width="16" height="16"/>
	<SubTexture name="minimap_icon_jewel_yellowimg.png" x="208" y="560" width="16" height="16"/>
	<SubTexture name="minimap_icon_star_redimg.png" x="566" y="584" width="16" height="16"/>
	<SubTexture name="minimap_icon_star_whiteimg.png" x="192" y="560" width="16" height="16"/>
	<SubTexture name="minimap_icon_star_yellowimg.png" x="16" y="560" width="16" height="16"/>
	<SubTexture name="minimap_ring_brown_detailimg.png" x="0" y="176" width="128" height="128"/>
	<SubTexture name="minimap_ring_brownimg.png" x="128" y="304" width="128" height="128"/>
	<SubTexture name="minimap_ring_grey_detailimg.png" x="0" y="304" width="128" height="128"/>
	<SubTexture name="minimap_ring_greyimg.png" x="0" y="432" width="128" height="128"/>
	<SubTexture name="minimap_ring_whiteimg.png" x="128" y="176" width="128" height="128"/>
	<SubTexture name="panel_border_brown_detailimg.png" x="192" y="496" width="64" height="64"/>
	<SubTexture name="panel_border_brownimg.png" x="256" y="512" width="64" height="64"/>
	<SubTexture name="panel_border_grey_detailimg.png" x="320" y="0" width="64" height="64"/>
	<SubTexture name="panel_border_greyimg.png" x="320" y="64" width="64" height="64"/>
	<SubTexture name="panel_brown_arrows_dark_detailimg.png" x="320" y="128" width="64" height="64"/>
	<SubTexture name="panel_brown_arrows_darkimg.png" x="320" y="192" width="64" height="64"/>
	<SubTexture name="panel_brown_arrows_detailimg.png" x="320" y="256" width="64" height="64"/>
	<SubTexture name="panel_brown_arrowsimg.png" x="128" y="496" width="64" height="64"/>
	<SubTexture name="panel_brown_corners_aimg.png" x="320" y="320" width="64" height="64"/>
	<SubTexture name="panel_brown_corners_bimg.png" x="320" y="384" width="64" height="64"/>
	<SubTexture name="panel_brown_damaged_darkimg.png" x="192" y="432" width="64" height="64"/>
	<SubTexture name="panel_brown_damagedimg.png" x="448" y="384" width="64" height="64"/>
	<SubTexture name="panel_brown_dark_corners_aimg.png" x="128" y="432" width="64" height="64"/>
	<SubTexture name="panel_brown_dark_corners_bimg.png" x="320" y="512" width="64" height="64"/>
	<SubTexture name="panel_brown_darkimg.png" x="384" y="0" width="64" height="64"/>
	<SubTexture name="panel_brownimg.png" x="384" y="64" width="64" height="64"/>
	<SubTexture name="panel_grey_blueimg.png" x="384" y="128" width="64" height="64"/>
	<SubTexture name="panel_grey_bolts_blueimg.png" x="384" y="192" width="64" height="64"/>
	<SubTexture name="panel_grey_bolts_darkimg.png" x="384" y="256" width="64" height="64"/>
	<SubTexture name="panel_grey_bolts_detail_aimg.png" x="384" y="320" width="64" height="64"/>
	<SubTexture name="panel_grey_bolts_detail_bimg.png" x="384" y="384" width="64" height="64"/>
	<SubTexture name="panel_grey_bolts_greenimg.png" x="384" y="448" width="64" height="64"/>
	<SubTexture name="panel_grey_bolts_redimg.png" x="384" y="512" width="64" height="64"/>
	<SubTexture name="panel_grey_boltsimg.png" x="448" y="0" width="64" height="64"/>
	<SubTexture name="panel_grey_darkimg.png" x="448" y="64" width="64" height="64"/>
	<SubTexture name="panel_grey_greenimg.png" x="448" y="128" width="64" height="64"/>
	<SubTexture name="panel_grey_redimg.png" x="448" y="192" width="64" height="64"/>
	<SubTexture name="panel_greyimg.png" x="448" y="256" width="64" height="64"/>
	<SubTexture name="panel_grid_blueprintimg.png" x="448" y="320" width="64" height="64"/>
	<SubTexture name="panel_grid_paperimg.png" x="320" y="448" width="64" height="64"/>
	<SubTexture name="pattern_diagonal_grey_largeimg.png" x="544" y="288" width="32" height="32"/>
	<SubTexture name="pattern_diagonal_grey_smallimg.png" x="544" y="256" width="32" height="32"/>
	<SubTexture name="pattern_diagonal_red_largeimg.png" x="512" y="416" width="32" height="32"/>
	<SubTexture name="pattern_diagonal_red_smallimg.png" x="512" y="384" width="32" height="32"/>
	<SubTexture name="pattern_diagonal_transparent_largeimg.png" x="512" y="352" width="32" height="32"/>
	<SubTexture name="pattern_diagonal_transparent_smallimg.png" x="512" y="320" width="32" height="32"/>
	<SubTexture name="pattern_grid_blueprintimg.png" x="512" y="288" width="32" height="32"/>
	<SubTexture name="pattern_grid_paperimg.png" x="512" y="256" width="32" height="32"/>
	<SubTexture name="progress_blue_borderimg.png" x="560" y="192" width="16" height="32"/>
	<SubTexture name="progress_blue_small_borderimg.png" x="128" y="560" width="16" height="16"/>
	<SubTexture name="progress_blue_smallimg.png" x="112" y="560" width="16" height="16"/>
	<SubTexture name="progress_blueimg.png" x="560" y="160" width="16" height="32"/>
	<SubTexture name="progress_green_borderimg.png" x="560" y="128" width="16" height="32"/>
	<SubTexture name="progress_green_small_borderimg.png" x="96" y="560" width="16" height="16"/>
	<SubTexture name="progress_green_smallimg.png" x="80" y="560" width="16" height="16"/>
	<SubTexture name="progress_greenimg.png" x="560" y="96" width="16" height="32"/>
	<SubTexture name="progress_red_borderimg.png" x="560" y="64" width="16" height="32"/>
	<SubTexture name="progress_red_small_borderimg.png" x="32" y="560" width="16" height="16"/>
	<SubTexture name="progress_red_smallimg.png" x="224" y="560" width="16" height="16"/>
	<SubTexture name="progress_redimg.png" x="566" y="552" width="16" height="32"/>
	<SubTexture name="progress_transparent_smallimg.png" x="176" y="560" width="16" height="16"/>
	<SubTexture name="progress_transparentimg.png" x="564" y="352" width="16" height="32"/>
	<SubTexture name="progress_white_borderimg.png" x="564" y="320" width="16" height="32"/>
	<SubTexture name="progress_white_small_borderimg.png" x="160" y="560" width="16" height="16"/>
	<SubTexture name="progress_white_smallimg.png" x="144" y="560" width="16" height="16"/>
	<SubTexture name="progress_whiteimg.png" x="560" y="224" width="16" height="32"/>
	<SubTexture name="round_brown_darkimg.png" x="256" y="448" width="64" height="64"/>
	<SubTexture name="round_brownimg.png" x="256" y="384" width="64" height="64"/>
	<SubTexture name="round_damaged_brown_darkimg.png" x="256" y="320" width="64" height="64"/>
	<SubTexture name="round_damaged_brownimg.png" x="256" y="256" width="64" height="64"/>
	<SubTexture name="round_grey_darkimg.png" x="256" y="192" width="64" height="64"/>
	<SubTexture name="round_grey_detailed_greenimg.png" x="256" y="128" width="64" height="64"/>
	<SubTexture name="round_grey_detailed_redimg.png" x="256" y="64" width="64" height="64"/>
	<SubTexture name="round_greyimg.png" x="256" y="0" width="64" height="64"/>
	<SubTexture name="scrollbar_brown_smallimg.png" x="550" y="564" width="16" height="24"/>
	<SubTexture name="scrollbar_brownimg.png" x="560" y="472" width="16" height="64"/>
	<SubTexture name="scrollbar_future_grey_smallimg.png" x="564" y="384" width="16" height="24"/>
	<SubTexture name="scrollbar_future_greyimg.png" x="576" y="0" width="16" height="64"/>
	<SubTexture name="scrollbar_future_red_smallimg.png" x="544" y="432" width="16" height="24"/>
	<SubTexture name="scrollbar_future_redimg.png" x="544" y="500" width="16" height="64"/>
	<SubTexture name="scrollbar_future_transparent_smallimg.png" x="544" y="456" width="16" height="24"/>
	<SubTexture name="scrollbar_future_transparentimg.png" x="560" y="0" width="16" height="64"/>
	<SubTexture name="scrollbar_grey_smallimg.png" x="544" y="408" width="16" height="24"/>
	<SubTexture name="scrollbar_greyimg.png" x="560" y="408" width="16" height="64"/>
	<SubTexture name="scrollbar_transparent_smallimg.png" x="576" y="64" width="16" height="24"/>
	<SubTexture name="scrollbar_transparentimg.png" x="576" y="88" width="16" height="64"/>
</TextureAtlas>